no,gen,trim,year,km,color,accident,price
1,3,0,2018,54071,0,1,1120
2,3,1,2018,70000,0,1,1090
3,3,1,2018,32460,0,0,1550
4,3,1,2018,28074,0,0,1460
5,3,1,2018,57594,2,0,1440
6,3,2,2016,123398,1,0,1050
7,3,1,2018,26505,0,0,1490
8,3,1,2018,20210,0,1,1180
9,3,0,2017,72272,0,1,1030
10,3,1,2016,79687,1,1,890
11,3,1,2016,79852,0,1,1190
12,3,1,2018,80799,1,1,1090
13,3,1,2018,62722,0,0,1440
14,3,1,2018,96646,0,0,1280
15,3,1,2018,122694,0,1,1070
16,3,1,2018,39517,1,0,1400
17,3,1,2018,57462,0,1,1350
18,3,0,2017,18640,0,0,1220
19,3,1,2017,38104,0,0,1259
20,3,1,2018,32594,1,0,1370
21,3,2,2017,55846,0,1,1390
22,3,1,2016,87068,1,1,980
23,3,1,2016,80783,1,0,1150
24,3,2,2016,93941,2,0,1299
25,3,1,2016,86226,0,0,1240
26,3,1,2017,37962,0,0,1290
27,3,0,2016,109577,0,0,990
28,3,1,2018,80846,0,0,1349
29,3,0,2016,14094,0,1,900
30,3,0,2017,140058,0,1,870
31,3,1,2017,62000,1,1,1120
32,3,1,2018,107776,0,1,1110
33,3,0,2017,161827,0,1,799
34,3,1,2018,78289,1,1,1330
35,3,1,2017,77666,0,0,1300
36,3,1,2018,89057,0,0,1440
37,3,1,2017,23229,1,0,1460
38,3,2,2016,121360,1,0,1070
39,3,0,2017,125454,0,1,850
40,3,1,2018,40712,1,0,1399
41,3,1,2018,51367,0,0,1350
42,3,1,2018,108179,0,1,1150
43,3,1,2017,77449,0,1,1150
44,3,1,2018,55110,0,0,1450
45,3,1,2018,50065,1,0,1360
46,3,1,2018,82801,0,1,1170
47,3,1,2018,34507,1,0,1399
48,3,1,2016,43066,1,1,1140
49,3,1,2016,125809,1,0,1000
50,3,0,2016,96000,0,1,1130
51,3,2,2016,49000,0,1,1400
52,3,1,2018,22634,0,0,1479
53,3,1,2018,56083,0,1,1450
54,3,1,2018,73250,0,0,1390
55,3,1,2016,31815,1,0,1390
56,3,1,2016,46162,1,1,1090
57,3,1,2018,14146,1,0,1399
58,3,0,2018,103080,0,1,990
59,3,2,2018,32095,0,1,1230
60,3,1,2018,33706,1,0,1380
61,3,1,2018,89289,2,0,1230
62,3,0,2017,30071,1,0,1250
63,3,1,2018,20337,1,1,1160
64,3,2,2018,53281,0,0,1620
65,3,1,2016,49340,1,0,1350
66,3,1,2018,86317,0,1,1239
67,3,1,2016,77398,0,1,1090
68,3,1,2017,26801,0,0,1370
69,3,1,2017,63578,0,1,1390
70,3,2,2016,61578,0,1,1269
71,3,2,2017,48313,0,0,1490
72,3,1,2017,91317,2,1,1150
73,3,1,2018,34827,1,0,1350
74,3,1,2018,22898,0,1,1270
75,3,2,2018,32906,2,1,1550
76,3,1,2018,40886,0,0,1490
77,3,1,2017,60422,0,1,1250
78,3,0,2016,35455,0,1,1100
79,3,1,2018,27999,0,1,1379
80,3,1,2016,113000,0,1,990
81,3,1,2016,65424,2,0,1280
82,3,2,2016,80189,1,0,1270
83,3,1,2017,63807,0,0,1270
84,3,1,2018,56403,1,0,1380
85,3,1,2018,22953,0,0,1480
86,3,1,2018,80575,0,0,1330
87,3,1,2018,42633,1,1,1580
88,3,1,2017,128000,1,1,890
89,3,0,2018,67246,0,0,999
90,3,1,2017,59432,1,1,1130
91,3,1,2016,53461,1,0,1290
92,3,1,2018,21050,1,0,1420
93,3,1,2017,103033,1,0,1150
94,3,0,2017,130417,0,0,980
95,3,1,2017,93788,1,0,1130
96,3,1,2017,66689,0,0,1390
97,3,1,2017,105602,0,0,1170
98,3,1,2017,62014,1,1,1120
99,3,0,2018,56423,0,1,1050
100,3,1,2018,49849,0,0,1470
101,3,1,2018,22971,1,1,1269
102,3,1,2018,104404,0,0,1240
103,3,1,2016,94823,1,0,1050
104,3,1,2018,35490,0,0,1430
105,3,1,2017,64282,0,1,1249
106,3,1,2016,109591,0,1,1000
107,3,0,2018,61391,1,1,990
108,3,1,2018,134178,1,1,990
109,3,1,2017,142572,1,1,930
110,3,1,2017,39719,1,0,1290
111,3,2,2017,72013,0,1,1220
112,3,2,2018,73740,0,0,1490
113,3,1,2016,128209,1,1,990
114,3,1,2018,42215,1,1,1360
115,3,1,2017,30898,0,0,1390
116,3,1,2017,66680,0,0,1390
117,3,1,2016,33529,0,1,1080
118,3,1,2017,50091,1,0,1290
119,3,2,2016,84500,1,0,1490
120,3,1,2017,15612,0,0,1450
121,3,2,2018,76895,0,1,1290
122,3,2,2016,57379,1,0,1340
123,3,1,2017,49452,1,1,1220
124,3,1,2017,39608,1,1,1150
125,3,1,2017,72305,0,1,1300
126,3,1,2017,41185,0,0,1335
127,3,1,2018,64291,1,1,1300
128,3,0,2016,100600,0,0,990
129,3,1,2018,79106,1,0,1250
130,3,0,2018,46443,0,1,1040
131,3,1,2018,49431,0,0,1430
132,3,1,2018,60904,0,1,1230
133,3,1,2017,17271,2,0,1300
134,3,1,2018,98309,0,1,1120
135,3,1,2016,112113,1,1,969
136,3,1,2017,28759,0,1,1330
137,3,1,2016,93559,1,0,1099
138,3,2,2016,74420,1,0,1380
139,3,1,2017,39195,0,1,1130
140,3,0,2016,49831,1,1,799
141,3,0,2017,46908,1,1,890
142,3,1,2018,67379,0,0,1399
143,3,1,2016,59096,1,1,1270
144,3,1,2018,70369,1,0,1400
145,3,1,2018,46818,0,1,1350
146,3,2,2016,58423,0,0,1340
147,3,1,2016,105300,0,1,1149
148,3,1,2016,82000,1,1,890
149,3,1,2018,8325,0,1,1450
150,3,1,2018,59436,1,0,1390
151,3,0,2016,100587,0,1,929
152,3,2,2018,98852,1,1,999
153,3,1,2016,42190,0,0,1490
154,3,2,2017,20631,0,0,1850
155,3,2,2018,44822,0,0,1750
156,3,1,2017,68000,0,1,1199
157,3,1,2018,86383,1,1,1190
158,3,1,2018,43704,0,0,1430
159,3,1,2018,21619,0,0,1489
160,3,1,2018,106531,0,1,1020
161,3,1,2018,71322,0,1,1199
162,3,2,2017,84119,0,0,1450
163,3,2,2016,45779,0,1,1300
164,3,1,2017,29589,1,1,1350
165,3,2,2017,57984,1,1,1490
166,3,1,2018,9506,1,0,1620
167,3,2,2016,44522,2,0,1450
168,3,1,2018,21881,0,0,1580
169,3,1,2018,79551,0,0,1339
170,3,2,2018,90939,1,0,1429
171,3,1,2018,11828,1,0,1460
172,3,1,2017,71497,0,1,870
173,3,1,2017,73929,1,1,1180
174,3,1,2016,29770,0,1,1350
175,3,1,2018,24884,0,1,1250
176,3,1,2016,79983,0,0,1230
177,3,1,2018,32894,1,1,1360
178,3,2,2018,133663,0,0,1180
179,3,1,2018,40000,1,0,1390
180,3,1,2016,68000,0,0,1230
181,3,1,2016,42025,0,0,1400
182,3,1,2018,37352,0,0,1450
183,3,1,2017,34695,2,0,1400
184,3,1,2018,45926,0,0,1430
185,3,2,2017,38130,1,0,1560
186,3,0,2017,154438,0,1,850
187,3,1,2018,37430,1,1,1320
188,3,1,2017,91878,0,1,1050
189,3,1,2016,80326,1,0,1280
190,3,1,2018,98447,0,0,1140
191,3,1,2017,50305,1,0,1375
192,3,1,2016,74700,0,0,1299
193,3,1,2018,25249,0,1,1350
194,3,1,2016,142723,0,1,930
195,3,1,2017,72000,2,1,1200
196,3,1,2017,68000,0,1,1199
197,3,1,2018,50000,1,1,1279
198,3,0,2017,25628,0,0,990
199,3,2,2016,39941,2,1,1130
200,3,1,2018,29643,1,0,1470
201,3,2,2016,68955,1,1,1350
202,3,1,2016,51095,0,1,1230
203,3,1,2018,54846,0,1,1300
204,3,1,2018,44023,0,0,1320
205,3,1,2018,88062,0,1,1150
206,3,2,2016,135774,0,1,800
207,3,1,2018,11723,0,0,1550
208,3,1,2017,55456,0,1,1120
209,3,1,2018,109030,0,0,1199
210,3,1,2016,91840,1,0,1060
211,3,0,2018,114630,0,0,990
212,3,2,2017,55247,0,1,1330
213,3,2,2016,35619,1,0,1480
214,3,1,2018,62581,0,1,999
215,3,1,2018,21300,1,0,1330
216,3,1,2018,103726,0,1,990
217,3,1,2017,92322,0,0,1230
218,3,1,2018,60908,0,0,1360
219,3,1,2017,100670,0,1,970
220,3,2,2016,81668,0,1,1070
221,3,0,2016,40726,0,0,1190
222,3,1,2017,105566,0,0,1150
223,3,0,2018,35248,1,0,1070
224,3,1,2017,27862,1,1,1250
225,3,1,2017,125486,0,1,890
226,3,2,2018,60000,1,0,1499
227,3,0,2018,40000,1,0,1199
228,3,2,2017,64837,2,0,1450
229,3,1,2016,117545,1,1,990
230,3,1,2016,74619,1,0,1120
231,3,1,2017,126858,0,1,1039
232,3,1,2018,26429,1,0,1490
233,3,1,2018,56310,1,0,1299
234,3,2,2016,79101,2,1,1090
235,3,2,2016,46872,1,0,1440
236,3,1,2018,132431,0,0,1030
237,3,2,2016,43827,0,0,1470
238,3,1,2018,96513,0,1,1020
239,3,1,2017,36642,0,0,1390
240,3,0,2017,103937,0,0,950
241,3,1,2016,132796,0,0,1070
242,3,2,2016,79897,0,1,1450
243,3,2,2017,54336,0,1,1220
244,3,1,2018,43086,1,1,1219
245,3,1,2018,119433,0,1,970
246,3,1,2018,102924,0,1,1150
247,3,1,2018,74461,0,0,1250
248,3,1,2018,88019,0,0,1190
249,3,1,2018,74408,0,1,1290
250,3,1,2017,90760,0,0,1190
251,3,1,2018,89857,0,1,1110
252,3,1,2018,112516,0,0,1350
253,3,2,2016,61631,0,1,1350
254,3,1,2018,35795,0,1,970
255,3,1,2016,49365,1,0,1230
256,3,1,2018,36381,0,1,1369
257,3,1,2018,85544,0,1,1240
258,3,2,2016,82903,2,1,850
259,3,1,2016,53144,1,1,1150
260,3,1,2017,22178,1,0,1350
261,3,1,2018,35840,0,0,1500
262,3,2,2016,51290,0,0,1299
263,3,1,2017,37912,0,1,1380
264,3,0,2017,7533,1,0,1120
265,3,0,2018,51430,0,0,1150
266,3,1,2018,24166,1,0,1390
267,3,1,2018,14215,1,0,1399
268,3,1,2018,14634,2,0,1470
269,3,1,2018,32190,0,1,1290
270,3,1,2018,63600,0,0,1430
271,3,1,2016,78643,0,1,1130
272,3,1,2016,59646,0,0,1299
273,3,1,2017,212696,1,1,750
274,3,1,2018,50000,1,1,1289
275,3,1,2017,82883,0,1,1240
276,3,0,2017,37652,1,0,1130
277,3,2,2016,51522,1,0,1549
278,3,1,2018,76425,0,1,1269
279,3,1,2016,103975,1,0,1090
280,3,2,2018,29660,1,0,1620
281,3,1,2017,53216,0,0,1370
282,3,1,2018,93775,0,1,1199
283,3,0,2018,139070,0,1,820
284,3,1,2018,48329,1,0,1320
285,3,1,2016,55473,2,1,1130
286,3,1,2018,46031,2,0,1335
287,3,1,2018,81279,1,0,1330
288,3,0,2018,41333,1,1,1050
289,3,1,2016,106301,0,1,910
290,3,1,2018,52518,0,1,1320
291,3,1,2018,23359,1,0,1530
292,3,2,2016,81636,0,0,1290
293,3,1,2018,44910,1,1,1270
294,3,2,2016,45000,2,0,1530
295,3,2,2018,49981,2,0,1470
296,3,1,2016,90032,1,0,1120
297,3,1,2017,110427,0,1,890
298,3,1,2018,39888,0,0,1430
299,3,1,2018,40404,1,0,1430
300,3,1,2018,99377,0,1,1069
301,3,1,2018,63635,0,0,1329
302,3,1,2018,48230,1,0,1370
303,3,1,2018,74432,1,0,1250
304,3,1,2018,70036,1,0,1270
305,3,1,2017,92482,0,0,1150
306,3,1,2017,83144,1,0,1250
307,3,2,2018,24545,1,0,1570
308,3,1,2018,87332,0,1,1099
309,3,1,2018,105198,0,1,1140
310,3,2,2016,29629,2,1,1090
311,3,1,2016,52200,0,1,1290
312,3,1,2018,53714,0,0,1390
313,3,1,2018,87519,0,0,1320
314,3,1,2018,102708,0,1,1040
315,3,1,2018,100761,0,0,1150
316,3,1,2018,110989,0,0,1150
317,3,1,2018,19000,2,0,1450
318,3,1,2018,31948,0,0,1430
319,3,0,2018,20032,0,0,1270
320,3,1,2018,22575,1,0,1380
321,3,1,2018,46735,0,0,1390
322,3,1,2018,44338,1,1,1350
323,3,1,2017,102019,0,1,1180
324,3,2,2016,65432,1,1,950
325,3,2,2016,48465,1,1,1230
326,3,1,2018,86790,0,1,1099
327,3,1,2017,48941,1,0,1299
328,3,1,2017,82610,0,1,1020
329,3,1,2018,15899,0,0,1530
330,3,0,2018,60813,0,0,1180
331,3,1,2018,63779,0,0,1349
332,3,2,2018,81346,1,1,1338
333,3,1,2018,86156,1,0,1250
334,3,1,2018,96268,0,0,1220
335,3,1,2017,82185,1,0,1290
336,3,1,2016,145279,0,0,990
337,3,1,2017,25139,0,1,1380
338,3,1,2018,110000,0,0,1159
339,3,1,2017,44230,1,1,1380
340,3,1,2016,76550,0,0,1280
341,3,1,2018,35727,1,1,1180
342,3,1,2018,95333,0,0,1279
343,3,2,2016,63425,0,0,1390
344,3,1,2018,64232,1,0,1340
345,3,1,2018,67160,0,0,1330
346,3,1,2018,44866,0,1,1450
347,3,1,2018,79236,0,1,1180
348,3,0,2018,57850,0,0,1050
349,3,1,2016,138795,0,1,890
350,3,1,2017,103315,0,0,1150
351,3,1,2017,74839,1,1,1280
352,3,1,2016,42482,2,1,1220
353,3,1,2018,50480,0,1,1330
354,3,1,2018,73546,0,1,1290
355,3,1,2018,69307,0,1,1280
356,3,1,2018,13791,1,0,1519
357,3,1,2016,98648,0,0,1150
358,3,1,2017,51610,0,1,1099
359,3,1,2018,78231,1,0,1290
360,3,2,2017,42202,0,1,1450
361,3,2,2018,76710,1,1,1419
362,3,2,2016,39501,0,0,1390
363,3,1,2018,81942,0,1,1290
364,3,2,2016,84313,1,1,1340
365,3,1,2018,107645,0,0,1140
366,3,1,2018,27978,0,1,1379
367,3,1,2017,89521,0,0,1250
368,3,1,2018,39346,1,0,1415
369,3,1,2017,71579,0,0,1325
370,3,1,2018,108639,0,0,1170
371,3,1,2018,114366,0,0,1189
372,3,0,2017,58774,2,0,1100
373,3,2,2016,60315,1,1,1299
374,3,1,2017,128003,0,0,1030
375,3,1,2018,44000,0,1,1420
376,3,1,2018,48621,0,0,1490
377,3,0,2017,25556,0,0,1220
378,3,1,2018,38980,0,0,1450
379,3,1,2018,31221,0,1,1440
380,3,1,2018,67108,0,1,1320
381,3,1,2017,65855,0,0,1420
382,3,2,2018,29487,1,0,1550
383,3,1,2018,64944,0,1,1280
384,3,2,2018,34388,0,1,1530
385,3,1,2018,89987,0,1,1230
386,3,2,2016,94511,0,1,1390
387,3,0,2016,97167,0,0,1270
388,3,1,2018,42700,0,0,1450
389,3,1,2018,102387,0,1,1150
390,3,1,2018,92698,0,0,1280
391,3,1,2018,94520,0,0,1270
392,3,2,2016,137286,1,1,1040
393,3,1,2018,69056,0,0,1299
394,3,1,2017,70932,0,1,1250
395,3,2,2016,63131,0,1,1299
396,3,1,2018,5851,0,1,1569
397,3,1,2016,91362,1,0,1090
398,3,1,2017,63396,0,0,1330
399,3,1,2018,65863,0,0,1400
400,3,1,2017,65739,0,0,1290
401,3,1,2017,71000,1,0,1250
402,3,0,2017,143163,0,1,860
403,3,1,2018,50554,1,1,1350
404,3,1,2017,119901,0,1,950
405,3,1,2016,87743,1,0,1210
406,3,1,2018,29412,0,1,1250
407,3,2,2016,42478,1,0,1470
408,3,2,2016,62453,1,1,790
409,3,2,2016,13392,0,0,1699
410,3,0,2018,67621,0,1,1119
411,3,0,2017,46999,0,1,1049
412,3,1,2018,96553,0,0,1290
413,3,1,2016,41212,1,0,1180
414,3,1,2018,22000,1,1,1480
415,3,1,2017,45625,1,1,1250
416,3,0,2017,123357,0,1,830
417,3,1,2018,36700,0,1,1380
418,3,2,2017,62000,2,1,1130
419,3,1,2017,25249,0,1,1380
420,3,1,2016,48354,0,0,1330
421,3,1,2018,39350,0,1,1370
422,3,1,2017,49971,0,1,1290
423,3,1,2018,69567,0,0,1330
424,3,1,2018,51647,0,1,1359
425,3,1,2018,35346,0,0,1520
426,3,1,2017,70050,0,0,1380
427,3,1,2018,19775,1,0,1420
428,3,1,2018,59007,0,0,1480
429,3,1,2017,43520,0,0,1270
430,3,1,2018,41000,0,1,1450
431,3,1,2018,42520,1,0,1430
432,3,2,2016,67158,0,0,1320
433,3,1,2018,106000,0,0,1199
434,3,1,2016,63162,0,0,1330
435,3,1,2018,15000,0,0,1480
436,3,0,2017,72091,0,0,1090
437,3,1,2016,63470,0,0,1360
438,3,1,2018,82497,1,1,1090
439,3,0,2018,19000,1,0,1180
440,3,1,2018,50000,2,1,1190
441,3,1,2018,59496,0,1,1299
442,3,1,2018,54671,0,1,1289
443,3,1,2018,42375,0,1,1299
444,3,1,2017,111107,0,1,1050
445,3,1,2016,124109,0,1,999
446,3,1,2016,124913,0,0,999
447,3,1,2018,78263,0,1,1190
448,3,1,2017,90291,0,0,1180
449,3,1,2018,51000,0,1,1199
450,3,2,2016,50205,1,1,1499
451,3,1,2017,113566,1,1,890
452,3,0,2016,78088,1,1,759
453,3,2,2016,45101,1,0,1470
454,3,0,2016,49744,1,1,1080
455,3,1,2016,71837,0,0,1265
456,3,1,2016,15604,1,0,1299
457,3,0,2018,66181,1,0,1170
458,3,0,2018,54175,0,0,1270
459,3,0,2018,68837,0,0,1210
460,3,0,2018,67430,0,0,1210
461,3,0,2018,65043,0,0,1250
462,3,1,2018,24880,0,1,1280
463,3,2,2017,73485,0,1,1340
464,3,1,2018,111654,0,1,1030
465,3,1,2017,126687,0,1,950
466,3,1,2016,69542,1,0,1200
467,3,1,2018,28269,0,0,1530
468,3,0,2017,49072,0,0,1230
469,3,1,2018,79000,1,1,1099
470,3,2,2016,70112,0,0,1490
471,3,1,2018,77531,0,1,1360
472,3,1,2018,106781,0,0,1130
473,3,1,2018,63249,1,0,1259
474,3,1,2018,59524,0,0,1390
475,3,1,2018,37619,0,1,1290
476,3,1,2016,83502,0,0,1230
477,3,1,2017,97980,0,1,1100
478,3,2,2016,57271,1,1,1270
479,3,1,2017,58144,0,0,1110
480,3,1,2018,101438,0,0,1340
481,3,1,2018,57000,1,1,1180
482,3,1,2018,79876,0,1,1279
483,3,1,2016,100000,2,1,1070
484,3,1,2016,35709,0,0,1340
485,3,1,2016,76080,1,0,1380
486,3,1,2018,112243,0,0,1200
487,3,1,2017,45294,1,1,1139
488,3,1,2018,56245,1,0,1350
489,3,1,2017,44221,1,1,1380
490,3,1,2016,96909,0,1,1130
491,3,1,2017,37310,1,0,1360
492,3,1,2018,63054,1,0,1430
493,3,1,2018,71217,0,1,1390
494,3,1,2017,63411,1,1,1270
495,3,1,2018,33459,0,1,1420
496,3,1,2018,48000,0,1,1199
497,3,1,2017,67000,1,1,1059
498,3,1,2018,48000,0,1,1159
499,3,1,2018,44000,0,1,1199
500,3,1,2018,50931,0,1,1159
501,3,1,2018,65868,0,1,1099
502,3,1,2018,42738,0,1,1159
503,3,1,2017,97457,0,1,1090
504,3,1,2018,47603,0,1,1225
505,3,1,2017,103560,1,1,1090
506,3,1,2016,165779,0,1,900
507,3,1,2016,55800,1,0,1099
508,3,0,2018,61762,0,1,1160
509,3,1,2017,65601,0,1,1340
510,3,1,2018,61109,1,0,1320
511,3,1,2018,22894,1,0,1490
512,3,1,2018,66553,2,0,1190
513,3,2,2017,29456,0,1,1390
514,3,2,2016,69118,1,0,1380
515,3,1,2018,83176,1,0,1270
516,3,1,2018,68878,1,1,1277
517,3,2,2018,84040,0,1,1340
518,3,1,2018,20750,0,1,1480
519,3,1,2017,103546,0,1,1050
520,3,1,2016,16308,1,0,1380
521,3,1,2018,59312,0,1,1340
522,3,0,2018,75263,0,0,1100
523,3,0,2018,81357,0,0,1100
524,3,0,2018,17080,1,0,1230
525,3,2,2016,96107,0,0,1200
526,3,1,2017,59782,0,0,1280
527,3,0,2018,137611,0,1,930
528,3,1,2017,102300,1,0,1150
529,3,1,2018,105761,0,1,970
530,3,1,2017,75867,0,0,1290
531,3,1,2016,90127,0,1,1180
532,3,1,2016,95793,0,0,1190
533,3,1,2018,95715,0,1,1190
534,3,1,2018,108214,0,0,1280
535,3,0,2018,124908,0,1,990
536,3,1,2018,37755,0,0,1520
537,3,0,2018,32031,2,1,1150
538,3,1,2018,40473,0,1,1410
539,3,1,2018,51297,0,1,1350
540,3,1,2017,73158,1,0,1280
541,3,1,2016,104000,0,0,1150
542,3,2,2016,111117,0,1,1350
543,3,1,2018,86740,0,0,1280
544,3,1,2018,70700,1,1,1350
545,3,1,2017,57801,1,0,1280
546,3,2,2016,89252,1,0,1390
547,3,1,2018,30854,1,0,1430
548,3,1,2018,33133,1,0,1450
549,3,1,2018,29400,0,1,1130
550,3,1,2018,77837,0,0,1250
551,3,1,2018,40274,0,0,1361
552,3,1,2018,53263,1,0,1270
553,3,1,2018,46960,0,0,1450
554,3,1,2018,99815,0,0,1120
555,3,1,2018,66198,1,0,1320
556,3,2,2017,111350,0,0,1130
557,3,1,2017,27174,0,1,980
558,3,1,2016,76450,1,0,1259
559,3,1,2016,38287,2,0,1290
560,3,1,2017,44835,0,1,1380
561,3,1,2018,45807,0,0,1430
562,3,2,2016,91000,0,0,1390
563,3,0,2018,119031,0,1,899
564,3,0,2018,126105,0,1,950
565,3,1,2016,73120,1,1,1190
566,3,1,2018,82000,0,0,1330
567,3,0,2018,99285,0,1,1020
568,3,1,2017,89120,0,1,899
569,3,1,2018,38440,0,1,1159
570,3,1,2017,53972,0,0,1320
571,3,1,2017,40845,1,1,1070
572,3,1,2017,40845,1,1,1070
573,3,1,2018,28463,1,0,1400
574,3,1,2016,92371,2,1,950
575,3,1,2017,66800,0,1,1040
576,3,1,2018,36634,2,1,1380
577,3,1,2017,75533,2,0,1420
578,3,1,2018,81625,1,1,1250
579,3,1,2017,76500,1,0,1550
580,3,1,2018,21000,0,0,1490
581,3,1,2017,53000,0,0,1299
582,3,1,2018,125695,0,0,1040
583,3,2,2016,61216,0,0,1350
584,3,1,2017,73904,0,1,1150
585,3,1,2017,53568,0,1,1290
586,3,2,2016,77320,0,1,1400
587,3,1,2016,34636,2,1,1090
588,3,0,2018,173886,0,1,750
589,3,0,2017,137852,0,1,780
590,3,1,2017,71159,0,1,1250
591,3,1,2018,84300,0,0,1290
592,3,2,2016,84531,1,0,1490
593,3,2,2016,153260,1,1,990
594,3,1,2018,86086,1,0,1230
595,3,1,2016,44882,0,0,1249
596,3,1,2018,48741,0,0,1430
597,3,1,2016,107085,0,0,1099
598,3,1,2018,73000,0,0,1300
599,3,1,2018,25000,0,0,1600
600,3,2,2017,62920,0,1,1560
601,3,1,2018,75587,0,1,1230
602,3,1,2018,56480,1,1,1360
603,3,2,2016,33496,2,1,1300
604,3,1,2018,74000,1,0,1250
605,3,2,2016,83300,2,0,1330
606,3,2,2016,118586,2,1,999
607,3,1,2018,74077,1,0,1320
608,3,0,2017,101000,0,1,1050
609,3,1,2018,30531,0,0,1510
610,3,1,2018,32626,0,1,1290
611,3,1,2017,83000,1,1,1120
612,3,1,2017,131867,0,1,890
613,3,2,2017,45424,2,1,1590
614,3,1,2018,22878,0,0,1490
615,3,1,2018,107435,1,1,1130
616,3,1,2018,84441,1,0,1260
617,3,1,2018,30593,2,0,1360
618,3,1,2018,109643,0,0,1280
619,3,1,2018,63680,0,0,1450
620,3,1,2018,90508,0,0,1280
621,3,0,2018,80220,0,0,1180
622,3,1,2016,73000,1,1,1230
623,3,1,2018,87000,0,0,1320
624,3,0,2018,145000,0,1,920
625,3,0,2018,120000,0,1,1020
626,3,1,2017,26033,0,1,1250
627,3,1,2018,72067,1,0,1380
628,3,0,2018,89000,0,0,1130
629,3,1,2018,57919,1,0,1350
630,3,2,2018,79519,1,0,1500
631,3,1,2016,59184,0,0,1295
632,3,1,2018,48309,0,0,1470
633,3,2,2016,131150,1,0,1100
634,3,1,2017,59086,1,1,1320
635,3,1,2017,85382,1,0,1270
636,3,1,2017,150922,0,1,899
637,3,2,2016,138812,0,1,999
638,3,1,2018,62367,0,0,1399
639,3,1,2018,56501,1,0,1439
640,3,1,2018,53657,0,0,1380
641,3,1,2016,57786,0,0,1380
642,3,1,2018,73164,0,0,1290
643,3,1,2018,58529,0,0,1450
644,3,1,2017,25232,1,1,1250
645,3,1,2017,102072,0,0,1100
646,3,1,2018,19642,0,0,1450
647,3,1,2018,19640,0,0,1450
648,3,2,2016,88833,1,0,1550
649,3,1,2018,79043,1,0,1320
650,3,1,2017,75598,1,0,1330
651,3,1,2016,112529,0,0,1150
652,3,1,2018,40000,0,0,1380
653,3,0,2018,31109,1,1,1330
654,3,0,2018,109354,0,1,969
655,3,1,2018,89465,2,0,1330
656,3,1,2016,95620,0,0,1055
657,3,1,2016,66000,1,1,1199
658,3,1,2018,44119,1,1,1355
659,3,1,2018,100464,1,0,1150
660,3,1,2018,13180,0,0,1490
661,3,1,2018,39000,1,1,1300
662,3,2,2016,72000,0,0,1340
663,3,2,2017,83006,0,0,1330
664,3,1,2018,61075,0,0,1360
665,3,1,2018,78086,0,0,1299
666,3,0,2016,78042,0,1,920
667,3,0,2018,109575,0,1,1000
668,3,1,2016,74433,1,0,1270
669,3,1,2017,34184,1,1,1250
670,3,1,2018,17000,1,1,1420
671,3,1,2018,72000,1,1,1199
672,3,2,2017,67521,0,0,1439
673,3,0,2016,60834,1,1,920
674,3,1,2017,68000,0,1,1049
675,3,1,2017,19700,0,0,1499
676,3,1,2018,41000,1,1,1350
677,3,2,2016,71483,1,0,1260
678,3,2,2016,93491,0,1,1030
679,3,0,2016,92000,0,0,1030
680,3,2,2018,53293,1,0,1620
681,3,1,2018,44032,1,0,1430
682,3,1,2017,63430,0,0,1210
683,3,2,2017,84743,0,0,1390
684,3,1,2018,55000,1,1,1199
685,3,1,2017,91400,0,1,1155
686,3,1,2018,47016,0,0,1449
687,3,1,2016,33800,2,0,1380
688,3,1,2016,138500,0,0,1166
689,3,1,2017,123807,0,0,1050
690,3,1,2018,52164,2,0,1290
691,3,0,2017,50000,1,1,899
692,3,1,2018,110105,0,0,1120
693,3,1,2017,117799,1,1,899
694,3,2,2018,65297,0,1,1360
695,3,1,2018,47672,0,0,1450
696,3,1,2018,92077,0,0,1210
697,3,1,2017,128843,0,1,960
698,3,2,2018,328,0,1,960
699,3,1,2017,47218,0,1,1360
700,3,2,2017,56566,1,1,1450
701,3,1,2018,100000,0,0,1250
702,3,1,2018,48371,0,0,1530
703,3,1,2018,44641,1,0,1365
704,3,1,2018,72280,0,0,1385
705,3,1,2018,25615,0,0,1419
706,3,1,2018,68835,0,1,1260
707,3,0,2017,74856,0,0,1099
708,3,1,2018,53218,0,0,1370
709,3,1,2018,73350,0,0,1320
710,3,2,2016,57354,1,1,1340
711,3,1,2018,38475,1,0,1430
712,3,1,2016,48876,1,1,1250
713,3,1,2018,54914,1,0,1320
714,3,1,2017,62154,0,1,1180
715,3,0,2018,77645,1,1,1060
716,3,1,2018,90000,0,0,1220
717,3,1,2017,92785,0,0,1330
718,3,1,2016,93940,2,0,1230
719,3,0,2017,91020,1,0,990
720,3,1,2018,63378,1,0,1330
721,3,0,2018,126969,2,1,1170
722,3,1,2018,119007,1,0,1270
723,3,2,2016,75000,2,1,1060
724,3,1,2016,86590,0,1,1125
725,3,0,2016,179000,0,1,760
726,3,1,2016,98752,0,1,990
727,3,1,2018,205055,0,1,740
728,3,1,2016,65656,1,0,1210
729,3,1,2018,110000,0,1,1159
730,3,1,2018,59842,2,0,1290
731,3,1,2016,66000,1,1,1099
732,3,2,2016,42210,1,0,1390
733,3,2,2016,93200,0,1,1230
734,3,1,2018,87851,0,1,1080
735,3,1,2018,62761,0,1,1370
736,3,1,2018,71000,1,1,1230
737,3,1,2016,78138,0,1,1280
738,3,2,2016,49877,1,0,1430
739,3,1,2016,45496,1,0,1420
740,3,1,2018,54000,2,1,1290
741,3,2,2017,19300,2,1,1520
742,3,1,2016,98400,0,0,1270
743,3,2,2017,77000,1,0,1130
744,3,1,2016,107900,0,0,1050
745,3,1,2016,90891,0,0,1240
746,3,2,2016,127763,0,1,950
747,3,1,2018,75465,1,1,1270
748,3,1,2017,62259,0,1,1260
749,3,1,2016,53566,1,1,1199
750,3,1,2016,111522,0,1,1130
751,3,2,2018,87300,2,0,1330
752,3,1,2016,114861,1,1,970
753,3,1,2016,49377,1,1,1170
754,3,0,2017,58248,2,0,1070
755,3,1,2017,9200,1,0,1370
756,3,2,2016,58014,1,0,1450
757,3,2,2017,89386,0,0,1330
758,3,1,2017,40468,0,1,1380
759,3,2,2016,79183,0,0,1470
760,3,0,2016,79907,1,1,1090
761,3,1,2017,87865,0,1,1180
762,3,1,2018,70380,0,0,1350
763,3,1,2018,37106,0,1,1430
764,3,1,2018,29890,1,1,1430
765,3,1,2016,60845,0,0,1260
766,3,1,2016,40000,1,0,1330
767,3,1,2017,54000,0,1,1399
768,3,0,2018,102500,0,1,950
769,3,2,2018,35700,0,0,1640
770,3,1,2016,99865,0,1,1119
771,3,1,2017,110907,0,1,990
772,3,1,2016,91184,1,1,880
773,3,1,2016,163940,0,0,990
774,3,2,2017,135586,0,1,950
775,3,1,2016,101414,2,1,940
776,3,2,2016,61917,1,0,1299
777,3,1,2018,15026,2,0,1490
778,3,1,2018,42809,0,1,1470
779,3,1,2018,86204,1,0,1250
780,3,1,2018,22168,0,0,1540
781,3,1,2016,50000,2,0,1330
782,3,2,2016,61000,1,1,1330
783,3,2,2017,61523,2,0,1100
784,3,1,2018,77194,0,1,1259
785,3,2,2016,135000,0,1,899
786,3,1,2018,57709,0,1,1390
787,3,1,2018,29636,2,0,1270
788,3,1,2018,28479,0,1,1199
789,3,1,2018,113766,0,0,1090
790,3,1,2018,60000,1,0,1370
791,3,1,2018,53865,1,1,1360
792,3,1,2016,58000,0,1,1030
793,3,2,2016,118069,0,1,1090
794,3,1,2018,80610,0,0,1300
795,3,1,2018,93400,0,1,1250
796,3,1,2018,59000,0,1,1200
797,3,1,2016,51594,0,0,1299
798,3,1,2018,56277,0,1,1149
799,3,2,2016,43296,1,1,1330
800,3,2,2016,47676,0,1,1150
801,3,2,2016,79523,0,0,1290
802,3,1,2018,77000,0,0,1350
803,3,1,2018,65000,1,0,1320
804,3,2,2016,70290,0,1,1230
805,3,1,2018,40318,0,1,1399
806,3,1,2018,78728,0,1,1319
807,3,1,2018,68986,1,1,1300
808,3,2,2017,98140,0,0,1250
809,3,0,2016,128100,0,1,950
810,3,1,2017,50038,0,1,1280
811,3,1,2018,70772,0,1,770
812,3,1,2018,31872,1,0,1390
813,3,0,2017,119007,0,1,1100
814,3,1,2017,36000,1,1,1350
815,3,1,2016,52699,2,0,1300
816,3,1,2018,75624,2,0,1370
817,3,1,2017,83167,0,0,1320
818,3,1,2018,59839,2,0,1310
819,3,1,2018,60107,0,1,1190
820,3,1,2018,72739,0,0,1230
821,3,1,2016,49000,0,0,1380
822,3,1,2017,43583,0,0,1398
823,3,1,2018,33664,0,0,1444
824,3,1,2017,49923,0,0,1350
825,3,1,2018,120978,0,1,1250
826,3,1,2018,86087,0,1,1250
827,3,1,2017,32499,2,0,1220
828,3,2,2018,49746,0,0,1620
829,3,2,2016,104342,1,0,1470
830,3,1,2017,46852,0,1,1090
831,3,1,2018,127652,0,1,990
832,3,0,2018,141542,0,1,980
833,3,1,2017,65392,0,1,899
834,3,1,2018,37700,0,1,1432
835,3,1,2017,56400,1,0,1330
836,3,1,2018,87174,0,0,1280
837,3,1,2018,19370,0,0,1530
838,3,1,2018,79322,1,0,1250
839,3,1,2018,64779,0,1,1295
840,3,2,2017,45452,0,0,1550
841,3,1,2018,22300,2,0,1450
842,3,1,2018,23291,0,0,1520
843,3,1,2016,130316,0,0,1079
844,3,1,2018,22546,1,1,1400
845,3,1,2018,38932,1,1,1400
846,3,0,2018,58544,0,0,1200
847,3,0,2018,66570,0,0,1250
848,3,1,2018,65966,0,0,1350
849,3,0,2018,67816,0,0,1200
850,3,1,2017,79122,1,0,1220
851,3,1,2017,67531,0,1,1190
852,3,1,2018,35000,2,1,1360
853,3,1,2016,48743,0,0,1300
854,3,1,2018,107000,0,1,1270
855,3,1,2017,35000,1,0,1270
856,3,0,2016,138442,0,0,810
857,3,1,2017,43045,1,0,1350
858,3,1,2018,63652,1,0,1330
859,3,0,2016,131594,0,1,850
860,3,1,2018,59642,0,1,1370
861,3,1,2018,83190,0,0,1350
862,3,1,2018,92457,1,1,1189
863,3,1,2017,19000,0,1,1440
864,3,1,2017,33536,1,0,1360
865,3,1,2017,111245,0,1,1080
866,3,1,2016,54749,2,0,1390
867,3,1,2017,44225,1,0,1450
868,3,1,2018,56422,0,1,1460
869,3,1,2018,29002,0,0,1530
870,3,1,2018,22414,0,0,1550
871,3,1,2017,26543,0,0,1430
872,3,1,2017,77802,2,1,1299
873,3,1,2018,80449,0,1,1500
874,3,1,2018,15940,1,0,1540
875,3,1,2017,43000,0,0,1370
876,3,1,2018,35989,0,0,1460
877,3,0,2017,153038,0,1,940
878,3,1,2016,104780,0,0,1150
879,3,1,2018,125000,0,1,1150
880,3,1,2017,27212,0,0,1490
881,3,1,2018,42000,0,0,1550
882,3,1,2018,19873,2,0,1390
883,3,1,2017,66286,0,0,1190
884,3,1,2017,94700,0,0,1040
885,3,1,2016,70018,1,0,1290
886,3,1,2018,67124,0,0,1370
887,3,1,2016,91555,0,1,1080
888,3,1,2018,83410,0,1,1265
889,3,1,2018,107395,0,0,1199
890,3,0,2017,49585,0,1,890
891,3,1,2018,61573,0,1,1250
892,3,0,2018,85289,0,0,1029
893,3,1,2018,110811,0,0,1180
894,3,1,2018,77875,0,0,1340
895,3,0,2017,76963,1,1,890
896,3,1,2018,55955,1,0,1250
897,3,1,2017,48340,1,1,1100
898,3,1,2018,63559,1,0,1250
899,3,1,2018,36992,1,0,1310
900,3,1,2018,58376,1,1,1210
901,3,1,2018,40332,1,0,1280
902,3,1,2018,49993,0,0,1250
903,3,1,2018,15259,1,0,1340
904,3,1,2018,51565,1,0,1260
905,3,1,2018,24654,1,0,1320
906,3,1,2018,47456,1,0,1270
907,3,1,2018,52374,1,0,1230
908,3,1,2017,52362,1,0,1160
909,3,1,2018,53770,1,0,1260
910,3,1,2018,71115,1,0,1230
911,3,1,2018,57146,1,0,1230
912,3,1,2018,64624,1,0,1250
913,3,1,2018,69847,1,0,1250
914,3,1,2018,70222,0,0,1350
915,3,1,2018,57787,0,1,1350
916,3,1,2018,85000,0,0,1390
917,3,1,2017,99740,0,1,1230
918,3,1,2018,56933,0,1,1400
919,3,1,2018,34000,2,0,1230
920,3,2,2017,61085,0,1,1520
921,3,1,2018,70126,0,1,1350
922,3,2,2016,123631,0,1,990
923,3,1,2018,55378,0,1,1350
924,3,2,2018,37000,1,0,1449
925,3,1,2018,43232,1,0,1360
926,3,1,2018,51445,0,1,1420
927,3,1,2017,61102,0,0,1350
928,3,1,2017,60000,0,0,1390
929,3,1,2017,50555,1,0,1260
930,3,1,2018,26872,1,0,1270
931,3,2,2016,97237,0,1,1330
932,5,2,2021,8379,1,0,2550
933,5,2,2021,8871,0,0,2550
934,5,2,2021,3842,0,0,2520
935,5,2,2021,21085,1,0,2499
936,5,2,2021,6149,1,0,2499
937,5,2,2021,10701,1,0,2490
938,5,2,2021,9728,1,0,2490
939,5,2,2021,6531,0,0,2470
940,5,2,2021,3593,0,0,2469
941,5,2,2021,2011,1,0,2450
942,5,2,2021,2786,1,0,2450
943,5,2,2021,8335,0,0,2450
944,5,2,2021,15966,1,0,2450
945,5,2,2021,2624,1,1,2440
946,5,2,2021,9547,0,0,2430
947,5,2,2021,9642,0,0,2430
948,5,2,2021,9847,1,0,2430
949,5,2,2021,3110,1,0,2430
950,5,2,2021,13122,0,0,2429
951,5,2,2021,6816,1,0,2429
952,5,1,2021,4848,0,0,2420
953,5,2,2021,8733,1,0,2410
954,5,2,2021,1373,1,0,2400
955,5,2,2021,12401,1,0,2399
956,5,2,2021,12962,1,0,2399
957,5,2,2021,6917,1,0,2399
958,5,2,2021,20909,0,0,2390
959,5,2,2021,12689,0,0,2390
960,5,2,2021,21780,0,0,2390
961,5,2,2021,18235,2,0,2390
962,5,1,2021,8017,0,0,2390
963,5,2,2021,9800,1,1,2390
964,5,2,2021,11503,0,1,2370
965,5,1,2021,2048,0,0,2370
966,5,2,2021,10645,0,0,2360
967,5,2,2021,11403,0,0,2360
968,5,2,2021,26773,1,0,2350
969,5,2,2021,4526,0,0,2350
970,5,2,2021,18260,0,0,2350
971,5,2,2021,22008,1,0,2349
972,5,2,2021,25436,2,0,2330
973,5,1,2021,1360,1,0,2320
974,5,1,2021,7267,0,1,2300
975,5,1,2021,1479,0,1,2300
976,5,1,2021,2458,1,0,2300
977,5,1,2021,7685,0,0,2300
978,5,2,2021,9110,0,1,2299
979,5,2,2021,17331,1,0,2290
980,5,2,2021,12806,0,1,2290
981,5,1,2021,12852,0,0,2290
982,5,1,2021,22239,0,0,2290
983,5,1,2021,3662,0,0,2260
984,5,1,2021,14416,1,0,2259
985,5,1,2021,11291,0,0,2250
986,5,2,2021,30737,1,0,2250
987,5,1,2021,22000,0,0,2235
988,5,1,2021,3320,1,0,2220
989,5,1,2021,1500,1,1,2200
990,5,1,2021,1572,0,0,2199
991,5,1,2021,16566,2,0,2199
992,5,2,2021,7572,0,1,2190
993,5,2,2021,46193,2,0,2190
994,5,1,2021,5329,1,0,2190
995,5,1,2021,10000,0,0,2190
996,5,1,2021,5680,0,0,2180
997,5,2,2021,47928,1,0,2170
998,5,1,2021,4447,1,0,2150
999,5,2,2021,21077,1,1,2150
1000,5,1,2021,9000,0,0,2150
1001,5,1,2021,6990,1,0,2150
1002,5,2,2021,5335,1,1,2140
1003,5,1,2021,19115,1,0,2140
1004,5,1,2021,6751,0,0,2130
1005,5,1,2021,15704,1,0,2130
1006,5,2,2021,53065,2,0,2120
1007,5,1,2021,9806,1,0,2120
1008,5,1,2021,8467,1,0,2100
1009,5,1,2021,20695,0,0,2099
1010,5,1,2021,36627,0,1,2099
1011,5,1,2021,4130,0,1,2099
1012,5,1,2021,26870,0,0,2099
1013,5,1,2021,21023,1,0,2090
1014,5,1,2021,4065,0,0,2090
1015,5,1,2021,9404,1,0,2090
1016,5,1,2021,10453,2,0,2090
1017,5,1,2021,12977,1,0,2090
1018,5,2,2021,6112,1,1,2090
1019,5,1,2021,11637,2,0,2085
1020,5,2,2021,11612,0,1,2080
1021,5,1,2021,2561,1,1,2080
1022,5,2,2021,50187,1,1,2080
1023,5,1,2021,6900,1,0,2080
1024,5,1,2021,15162,0,0,2060
1025,5,1,2021,21782,1,0,2050
1026,5,1,2021,34611,2,1,2050
1027,5,1,2021,18232,1,0,2050
1028,5,1,2021,22281,0,0,2049
1029,5,1,2021,17552,2,0,2040
1030,5,1,2021,6354,1,0,2040
1031,5,1,2021,27493,2,0,2040
1032,5,1,2021,13218,0,0,2030
1033,5,1,2021,22000,0,1,2020
1034,5,1,2021,16365,2,1,2020
1035,5,1,2021,1767,1,1,2014
1036,5,1,2021,28697,1,0,1990
1037,5,1,2021,21631,2,0,1980
1038,5,1,2021,12947,1,1,1980
1039,5,1,2021,30000,0,0,1980
1040,5,1,2021,31480,0,1,1970
1041,5,1,2021,8184,0,1,1960
1042,5,1,2021,14965,2,0,1950
1043,5,1,2021,8502,0,1,1950
1044,5,0,2021,14087,0,0,1940
1045,5,0,2021,4457,0,0,1930
1046,5,1,2021,57279,0,0,1930
1047,5,1,2021,13128,0,1,1870
1048,5,1,2021,50000,2,0,1869
1049,5,1,2021,52257,1,0,1830
1050,5,2,2021,8917,1,1,1820
1051,5,1,2021,3797,0,1,1790
1052,5,1,2021,3736,1,1,1780
1053,5,1,2021,8248,0,1,1780
1054,5,0,2021,6788,0,0,1770
1055,5,0,2021,24956,0,0,1690
1056,5,0,2021,36382,0,0,1670
1057,5,1,2021,44758,0,1,1650
1058,5,0,2021,2325,1,0,1649
1059,5,1,2021,5427,0,1,1640
1060,5,0,2021,32416,0,1,1490
1061,5,2,2021,21780,0,0,626
1062,0,0,2007,114980,1,1,350
1063,0,1,2010,167065,1,0,530
1064,0,1,2008,58052,1,0,520
1065,0,2,2007,123565,1,1,370
1066,0,1,2009,74530,1,1,520
1067,0,0,2010,89471,1,1,430
1068,0,1,2008,46656,0,1,490
1069,0,0,2009,97300,1,1,299
1070,0,2,2008,68670,1,1,420
1071,0,2,2010,130000,1,1,490
1072,0,1,2008,119196,1,0,490
1073,0,2,2008,146000,1,1,399
1074,0,2,2008,181540,0,1,370
1075,0,1,2009,40000,1,1,490
1076,0,2,2010,68723,1,1,489
1077,0,2,2010,62697,1,1,489
1078,0,1,2009,106256,1,0,480
1079,0,2,2009,131944,1,1,330
1080,0,2,2010,89769,1,1,440
1081,0,1,2010,82600,1,1,480
1082,0,2,2010,76377,1,1,470
1083,0,2,2009,83175,1,1,360
1084,0,2,2009,99441,1,1,470
1085,0,2,2009,128800,0,1,450
1086,0,1,2010,121601,1,0,470
1087,0,0,2008,48488,1,1,400
1088,0,2,2009,88000,1,1,360
1089,0,2,2010,103079,1,1,470
1090,0,2,2009,60000,0,1,470
1091,0,1,2010,102250,1,1,460
1092,0,1,2009,67501,0,1,450
1093,0,2,2010,21077,1,0,650
1094,0,2,2008,116526,1,1,330
1095,0,2,2010,106326,1,1,450
1096,0,1,2007,119275,1,1,450
1097,0,0,2007,133798,1,1,260
1098,0,1,2008,87328,0,0,450
1099,0,1,2008,83864,1,1,430
1100,0,1,2008,52454,1,1,430
1101,0,1,2010,99000,1,1,420
1102,0,2,2009,100000,1,0,430
1103,0,1,2010,127874,1,1,420
1104,0,2,2010,94027,0,1,519
1105,0,1,2009,78758,1,1,420
1106,0,1,2010,125237,0,1,419
1107,0,0,2007,186188,0,1,269
1108,0,1,2007,97469,1,1,400
1109,0,1,2010,140324,1,1,399
1110,0,0,2010,106047,1,1,320
1111,0,1,2010,121351,1,1,395
1112,0,1,2007,109476,1,1,390
1113,0,1,2008,120700,1,1,390
1114,0,2,2010,144917,0,1,490
1115,0,1,2008,116234,1,0,390
1116,0,0,2007,130632,1,0,290
1117,0,0,2009,41095,1,0,460
1118,0,1,2010,96533,1,1,390
1119,0,1,2009,110520,1,0,390
1120,0,1,2007,79774,1,1,390
1121,0,0,2008,156000,1,1,299
1122,0,0,2009,97557,0,1,420
1123,0,1,2008,76853,1,1,390
1124,0,1,2008,122238,1,1,380
1125,0,2,2007,135152,1,1,349
1126,0,0,2010,156111,1,1,400
1127,0,0,2009,146913,1,1,350
1128,0,1,2010,190581,1,1,380
1129,0,1,2007,106600,1,1,380
1130,0,2,2009,86148,1,1,399
1131,0,1,2010,105000,1,1,380
1132,0,0,2010,28284,1,1,445
1133,0,0,2007,154926,0,1,330
1134,0,1,2009,163142,1,1,380
1135,0,2,2009,111528,1,1,390
1136,0,2,2010,177779,1,1,380
1137,0,0,2009,158121,1,1,270
1138,0,0,2008,46300,1,1,359
1139,0,1,2009,146905,1,1,379
1140,0,1,2009,117242,1,1,370
1141,0,2,2010,97143,1,1,550
1142,0,2,2010,130000,1,1,320
1143,0,0,2009,112323,1,1,380
1144,0,1,2007,67308,1,1,370
1145,0,2,2007,63000,1,1,430
1146,0,2,2007,59405,1,1,450
1147,0,1,2010,190207,1,1,370
1148,0,0,2009,191902,1,1,340
1149,0,2,2010,112989,0,1,369
1150,0,1,2008,72754,1,1,360
1151,0,1,2008,166000,1,1,360
1152,0,1,2007,77525,1,1,351
1153,0,2,2008,95248,1,1,320
1154,0,1,2009,187920,1,1,350
1155,0,1,2009,113372,1,1,350
1156,0,1,2007,108677,1,1,350
1157,0,1,2009,110000,1,0,350
1158,0,2,2007,100962,1,1,380
1159,0,0,2009,135395,1,1,320
1160,0,2,2007,110626,1,1,370
1161,0,0,2009,93000,1,1,380
1162,0,1,2007,134207,1,1,349
1163,0,2,2009,63000,1,1,480
1164,0,1,2007,166124,1,0,349
1165,0,2,2009,121934,1,1,330
1166,0,1,2007,101808,1,1,330
1167,0,1,2007,98645,1,1,330
1168,1,1,2011,131000,1,1,599
1169,1,1,2011,126835,1,1,620
1170,1,2,2012,103668,1,1,750
1171,1,1,2012,118985,0,0,620
1172,1,2,2012,151330,0,1,699
1173,1,1,2013,56969,1,1,859
1174,1,2,2011,107059,0,1,670
1175,1,1,2011,129970,0,1,579
1176,1,2,2013,106063,1,0,750
1177,1,0,2014,33734,0,0,850
1178,1,1,2013,152905,0,1,480
1179,1,2,2011,126489,0,1,680
1180,1,2,2012,70442,0,0,890
1181,1,2,2013,78604,1,1,690
1182,1,1,2014,32519,1,1,780
1183,1,1,2012,47960,1,0,830
1184,1,1,2012,61758,0,1,800
1185,1,1,2011,90804,0,1,730
1186,1,1,2014,146499,0,1,700
1187,1,0,2011,120681,1,1,580
1188,1,0,2012,63655,1,1,690
1189,1,1,2011,136950,0,1,420
1190,1,1,2012,123040,1,1,490
1191,1,1,2012,135347,1,1,550
1192,1,1,2012,145734,0,1,555
1193,1,1,2011,97538,0,1,640
1194,1,2,2011,103779,1,1,660
1195,1,2,2012,65069,0,1,880
1196,1,1,2013,91252,0,1,870
1197,1,2,2012,107495,0,1,690
1198,1,1,2011,109800,1,1,620
1199,1,2,2012,113177,0,1,630
1200,1,2,2012,124584,1,0,750
1201,1,2,2012,81437,0,0,820
1202,1,0,2011,123683,1,1,490
1203,1,0,2011,153109,0,1,430
1204,1,1,2013,95570,0,1,670
1205,1,1,2013,69015,0,0,930
1206,1,2,2011,37660,1,0,880
1207,1,2,2011,121765,1,1,530
1208,1,1,2012,102123,0,0,630
1209,1,2,2012,92786,0,1,770
1210,1,1,2013,133273,0,1,590
1211,1,1,2013,61804,1,1,670
1212,1,2,2011,100521,1,1,740
1213,1,1,2013,139407,0,0,690
1214,1,2,2013,105685,0,1,750
1215,1,2,2013,114556,1,0,880
1216,1,1,2012,42364,0,0,830
1217,1,1,2011,163959,1,1,460
1218,1,1,2012,107766,1,1,690
1219,1,1,2011,125735,0,1,650
1220,1,1,2011,91498,1,1,580
1221,1,1,2011,81663,1,1,720
1222,1,1,2013,61700,1,1,750
1223,1,1,2012,108701,0,1,700
1224,1,2,2012,156951,0,1,610
1225,1,2,2012,79400,0,1,599
1226,1,1,2014,43435,1,1,770
1227,1,2,2013,82264,0,1,850
1228,1,1,2012,122108,1,1,630
1229,1,1,2012,107959,1,1,548
1230,1,1,2012,65739,1,1,690
1231,1,1,2012,78275,0,1,750
1232,1,2,2011,126465,1,1,630
1233,1,1,2013,88932,1,1,730
1234,1,2,2013,105121,0,1,839
1235,1,2,2013,78439,0,0,899
1236,1,1,2013,110982,1,1,650
1237,1,1,2011,96269,1,1,585
1238,1,1,2011,117395,1,1,549
1239,1,1,2012,74313,1,1,720
1240,1,1,2011,96541,1,1,490
1241,1,2,2013,109547,1,1,750
1242,1,1,2013,106063,0,0,750
1243,1,1,2014,45903,1,1,880
1244,1,1,2011,63219,1,1,670
1245,1,2,2012,146141,0,1,650
1246,1,0,2012,126156,0,1,530
1247,1,2,2012,101558,1,0,799
1248,1,1,2012,164391,1,1,570
1249,1,1,2013,69931,0,1,760
1250,1,2,2012,97859,0,1,730
1251,1,1,2012,131091,0,1,590
1252,1,0,2012,10260,1,0,680
1253,1,2,2011,97552,0,1,690
1254,1,2,2013,101641,0,0,890
1255,1,1,2012,45225,0,0,890
1256,1,1,2013,107151,0,1,730
1257,1,1,2014,60367,1,1,900
1258,1,2,2011,56762,0,1,730
1259,1,2,2012,80600,0,1,790
1260,1,2,2012,86435,1,1,599
1261,1,1,2011,52582,1,1,699
1262,1,1,2012,63195,1,0,750
1263,1,2,2012,69348,1,1,870
1264,1,1,2012,106619,0,0,799
1265,1,1,2012,99713,1,1,630
1266,1,1,2012,131229,0,0,640
1267,1,1,2012,78370,0,0,750
1268,1,1,2012,71240,1,0,750
1269,1,1,2014,145818,1,1,690
1270,1,1,2014,109139,0,0,850
1271,1,2,2013,96297,0,0,870
1272,1,2,2013,140274,0,0,690
1273,1,1,2011,69074,1,1,610
1274,1,1,2011,171316,1,1,360
1275,1,1,2011,102173,1,1,400
1276,1,2,2012,136277,1,1,680
1277,1,1,2013,104803,1,1,650
1278,1,1,2011,35887,1,1,670
1279,1,1,2012,132235,1,1,510
1280,1,1,2011,73044,1,1,650
1281,1,1,2012,125652,0,1,590
1282,1,1,2012,108591,0,1,659
1283,1,1,2012,134868,0,0,670
1284,1,0,2014,95314,0,1,720
1285,1,1,2011,26673,1,1,640
1286,1,1,2012,49795,1,1,729
1287,1,1,2013,139789,0,1,570
1288,1,2,2012,81694,0,1,699
1289,1,2,2013,61013,0,1,750
1290,1,1,2011,79030,1,1,730
1291,1,1,2011,127162,1,1,590
1292,1,1,2012,142732,0,1,470
1293,1,2,2011,164765,0,1,470
1294,1,1,2013,74288,1,1,720
1295,1,2,2013,70147,0,0,1030
1296,1,2,2012,96575,1,1,789
1297,1,1,2014,60013,0,1,930
1298,1,1,2011,93738,1,1,550
1299,1,2,2012,88465,1,1,770
1300,1,1,2013,66261,1,1,810
1301,1,1,2011,88552,0,1,589
1302,1,1,2012,91731,1,1,690
1303,1,1,2012,45537,0,1,800
1304,1,2,2011,128792,0,0,790
1305,1,0,2011,107126,0,1,625
1306,1,2,2012,98012,1,1,770
1307,1,2,2012,137301,0,1,699
1308,1,1,2013,70154,1,1,740
1309,1,2,2014,82934,1,1,890
1310,1,0,2012,56000,1,1,730
1311,1,1,2011,129000,1,0,630
1312,1,2,2013,56777,1,1,810
1313,1,0,2012,113411,0,0,670
1314,1,2,2011,89293,0,1,770
1315,1,2,2011,129921,0,0,750
1316,1,2,2012,48392,1,1,810
1317,1,1,2013,119472,0,1,590
1318,1,1,2012,39000,1,0,870
1319,1,1,2011,77608,0,0,760
1320,1,1,2012,82263,0,1,680
1321,1,1,2012,67438,1,1,630
1322,1,1,2013,45044,1,1,700
1323,1,2,2011,91777,1,1,680
1324,1,2,2011,61265,0,0,938
1325,1,1,2012,10250,1,1,720
1326,1,2,2011,108297,0,0,799
1327,1,2,2011,128300,1,1,650
1328,1,0,2011,130436,1,1,450
1329,1,1,2011,129427,0,1,650
1330,1,2,2013,70891,1,1,730
1331,1,2,2012,104576,0,1,730
1332,1,2,2011,92588,1,0,800
1333,1,2,2013,89106,1,1,900
1334,1,2,2012,139652,1,1,510
1335,1,2,2011,83200,0,1,699
1336,1,2,2014,54231,0,1,980
1337,1,1,2012,124605,0,1,690
1338,1,2,2012,60040,0,1,730
1339,1,1,2012,141710,0,0,610
1340,1,1,2012,103801,0,0,680
1341,1,1,2012,99000,0,1,510
1342,1,1,2012,108387,1,1,640
1343,1,1,2013,89037,1,1,850
1344,1,1,2013,89252,1,1,679
1345,1,2,2012,74624,0,0,799
1346,1,1,2014,140770,0,1,550
1347,1,1,2013,122489,0,1,590
1348,1,1,2011,145407,1,1,520
1349,1,1,2012,110235,1,1,600
1350,1,1,2012,89567,1,1,680
1351,1,1,2012,81825,0,0,760
1352,1,2,2012,83844,1,1,680
1353,1,1,2011,159906,0,1,470
1354,1,1,2013,145497,0,1,620
1355,1,1,2011,88587,1,1,599
1356,1,2,2011,120845,0,0,780
1357,1,1,2012,133663,0,1,670
1358,1,2,2013,75239,0,0,970
1359,1,1,2011,148332,1,1,520
1360,1,1,2011,97690,1,1,650
1361,1,1,2012,64732,1,1,750
1362,1,0,2011,92620,1,1,630
1363,1,2,2014,92726,0,1,890
1364,1,2,2011,96238,1,1,720
1365,1,1,2014,7296,1,1,899
1366,1,2,2013,125219,1,1,730
1367,1,1,2013,73875,1,0,830
1368,1,1,2014,59718,0,0,880
1369,1,2,2011,128854,1,1,590
1370,1,1,2013,120000,1,1,800
1371,1,2,2014,121711,0,0,770
1372,1,1,2013,106970,1,1,690
1373,1,1,2013,64480,1,1,700
1374,1,2,2011,26208,1,0,910
1375,1,2,2012,146051,1,1,680
1376,1,2,2012,135385,1,1,660
1377,1,1,2013,133247,0,0,640
1378,1,1,2011,67007,0,1,650
1379,1,1,2012,125366,1,0,580
1380,1,2,2012,92474,0,1,790
1381,1,1,2011,136943,0,0,579
1382,1,2,2013,118070,1,1,730
1383,1,2,2014,110643,1,1,880
1384,1,2,2012,81837,0,1,830
1385,1,2,2012,26345,0,0,970
1386,1,2,2011,130987,1,0,730
1387,1,1,2012,100000,1,0,770
1388,1,1,2012,109878,1,1,580
1389,1,1,2013,35266,1,1,990
1390,1,1,2012,74394,1,1,720
1391,1,1,2012,154391,1,1,620
1392,1,1,2013,54454,1,1,830
1393,1,1,2012,188328,1,1,540
1394,1,0,2013,97937,0,1,690
1395,1,2,2012,102376,1,1,730
1396,1,1,2012,160430,0,1,620
1397,1,1,2012,110000,0,1,600
1398,1,1,2012,70861,1,1,720
1399,1,1,2012,93817,1,1,580
1400,1,1,2012,88225,0,1,799
1401,1,1,2011,70000,0,1,599
1402,1,2,2012,172914,1,1,615
1403,1,1,2011,199349,0,0,590
1404,1,2,2012,106786,1,1,790
1405,1,2,2011,55401,1,1,730
1406,1,1,2014,83586,1,1,850
1407,1,2,2014,57619,0,1,890
1408,1,1,2012,55794,1,0,750
1409,1,2,2012,140658,1,1,650
1410,1,2,2011,158723,1,1,590
1411,1,1,2012,123000,0,1,550
1412,1,1,2011,55903,1,0,839
1413,1,2,2012,96678,1,1,750
1414,1,2,2013,110855,0,1,750
1415,1,1,2012,108862,1,1,630
1416,1,2,2012,113006,1,1,740
1417,1,1,2012,89921,0,0,705
1418,1,2,2014,124469,1,0,820
1419,1,1,2012,82491,1,1,510
1420,1,2,2012,83500,0,0,830
1421,1,2,2012,88240,0,0,850
1422,1,1,2011,94158,1,1,580
1423,1,2,2012,100000,0,1,750
1424,1,2,2013,59938,1,0,930
1425,1,1,2012,93982,0,1,750
1426,1,1,2011,111055,1,0,590
1427,1,2,2012,84688,1,1,790
1428,1,1,2013,92564,0,0,760
1429,1,2,2012,90964,0,1,790
1430,1,2,2011,123619,1,1,650
1431,1,1,2013,76000,1,0,700
1432,1,1,2013,53989,1,1,790
1433,1,1,2013,53109,0,1,980
1434,1,2,2014,115988,0,0,950
1435,1,2,2012,103508,0,1,790
1436,1,2,2011,130200,0,1,620
1437,1,0,2012,53342,0,0,750
1438,1,2,2013,67408,0,1,820
1439,1,1,2011,63008,1,1,650
1440,1,1,2012,110000,0,1,740
1441,1,2,2013,95034,1,1,850
1442,1,1,2013,59620,2,0,830
1443,1,2,2011,57950,0,1,790
1444,1,1,2013,145874,0,1,790
1445,1,2,2012,156056,0,1,680
1446,1,1,2014,157576,1,1,590
1447,1,2,2012,138686,1,1,690
1448,1,1,2012,145050,1,1,590
1449,1,2,2013,129040,0,1,690
1450,1,2,2013,89800,1,1,770
1451,1,2,2012,174224,1,0,850
1452,1,1,2012,140000,0,1,670
1453,1,1,2012,109755,0,0,670
1454,1,1,2013,70000,1,0,829
1455,1,1,2012,125372,1,1,699
1456,1,1,2012,129737,1,1,680
1457,1,1,2012,161526,0,1,530
1458,1,2,2012,102154,0,1,650
1459,1,1,2012,60299,1,1,640
1460,1,1,2014,108857,1,0,790
1461,1,1,2012,163377,0,1,620
1462,1,1,2011,136194,0,0,650
1463,1,0,2011,197099,1,1,390
1464,1,2,2012,162126,0,1,580
1465,1,2,2011,68000,1,1,770
1466,1,2,2012,108334,1,0,750
1467,1,1,2011,108941,1,0,589
1468,1,2,2011,58999,1,1,790
1469,1,2,2011,104800,0,0,820
1470,1,2,2011,84970,0,1,680
1471,1,1,2012,91017,1,0,720
1472,1,2,2012,86309,0,0,820
1473,1,2,2012,76846,1,0,850
1474,1,1,2012,111279,0,1,490
1475,1,1,2011,105096,1,0,650
1476,1,2,2012,163969,0,1,790
1477,1,1,2011,74956,1,1,670
1478,1,1,2011,89466,1,1,570
1479,1,1,2011,80109,0,0,710
1480,1,1,2012,103580,0,1,650
1481,1,1,2014,92811,1,1,880
1482,1,1,2012,127229,1,1,680
1483,1,2,2011,149575,0,1,630
1484,1,1,2011,87000,1,1,670
1485,1,1,2014,120000,1,1,699
1486,1,1,2012,107883,0,1,620
1487,1,2,2012,90263,0,1,580
1488,1,1,2012,86280,0,1,740
1489,1,1,2011,67295,0,1,730
1490,1,1,2011,63126,1,1,650
1491,1,1,2013,121929,0,1,690
1492,1,2,2011,89464,1,0,745
1493,1,1,2012,129952,1,1,630
1494,1,0,2012,48000,1,1,730
1495,1,2,2011,87919,0,1,599
1496,1,1,2013,129864,0,1,750
1497,1,1,2013,128721,1,1,690
1498,1,2,2011,96818,0,1,690
1499,1,1,2012,62000,0,1,830
1500,1,1,2012,86000,0,0,780
1501,1,0,2013,113000,2,1,650
1502,1,1,2012,131520,0,1,690
1503,1,2,2012,133552,1,1,690
1504,1,1,2012,46003,0,1,730
1505,1,0,2012,87890,0,1,680
1506,1,2,2012,84000,1,1,800
1507,1,2,2012,89504,0,1,820
1508,1,1,2012,129159,0,1,699
1509,1,2,2014,172600,0,1,620
1510,1,2,2012,114347,0,1,720
1511,1,1,2013,111668,0,1,710
1512,1,0,2012,105853,2,0,520
1513,1,1,2013,103695,0,1,750
1514,1,2,2011,66300,1,0,850
1515,1,2,2012,169100,0,1,660
1516,1,1,2013,83700,0,1,890
1517,1,1,2013,69000,0,1,680
1518,1,1,2012,137551,1,1,530
1519,1,1,2012,87415,0,1,630
1520,1,2,2011,96669,0,0,720
1521,1,1,2014,105573,1,1,690
1522,1,1,2012,87796,0,1,640
1523,1,1,2012,45953,1,1,720
1524,1,1,2012,90740,1,0,770
1525,1,2,2013,93402,1,0,890
1526,1,1,2012,114000,1,1,650
1527,1,2,2013,84000,0,1,750
1528,1,2,2012,132689,0,1,729
1529,1,1,2012,142761,1,1,545
1530,1,2,2012,107132,2,1,630
1531,1,1,2013,85650,0,1,720
1532,1,2,2012,159411,1,1,620
1533,1,1,2012,141659,1,1,440
1534,1,2,2011,59388,0,1,680
1535,1,2,2012,49500,2,0,840
1536,1,2,2012,71966,1,1,850
1537,1,2,2011,99757,0,0,799
1538,1,1,2012,102000,0,1,750
1539,1,1,2014,61484,1,1,780
1540,1,1,2012,116780,0,1,549
1541,1,1,2012,130000,0,1,630
1542,1,1,2012,45000,1,0,780
1543,1,1,2011,183513,2,1,450
1544,1,2,2011,122934,1,1,700
1545,1,2,2011,126546,1,0,690
1546,1,2,2011,138805,0,1,729
1547,1,1,2012,77609,0,1,799
1548,1,2,2012,120000,1,1,699
1549,1,1,2012,120000,1,1,699
1550,1,0,2012,15300,1,1,560
1551,1,1,2012,129408,0,0,700
1552,1,0,2011,186000,1,1,510
1553,1,1,2013,36042,1,1,750
1554,1,2,2012,66510,0,0,799
1555,1,2,2012,80000,1,1,850
1556,1,2,2012,136000,1,1,730
1557,1,1,2013,88635,0,1,670
1558,1,0,2011,186877,0,1,499
1559,1,1,2012,98000,0,0,690
1560,1,1,2014,3266,1,0,1030
1561,1,2,2012,107474,0,1,690
1562,1,1,2013,92000,1,1,690
1563,1,2,2012,186617,1,1,499
1564,1,2,2014,80000,2,0,850
1565,1,1,2012,114997,1,1,650
1566,1,2,2011,109909,0,1,790
1567,1,2,2011,139960,1,1,680
1568,1,1,2013,129000,0,1,740
1569,1,2,2011,142491,0,1,699
1570,1,2,2013,160064,0,1,630
1571,1,1,2011,83000,1,1,700
1572,1,2,2011,116000,1,0,700
1573,1,2,2012,97000,0,1,800
1574,1,1,2013,111769,0,1,750
1575,1,1,2012,60217,0,1,750
1576,1,2,2013,90560,1,1,750
1577,1,1,2013,153169,0,1,620
1578,1,1,2012,42500,0,0,850
1579,1,1,2011,132813,1,1,600
1580,1,0,2013,140604,0,1,680
1581,1,1,2012,55178,1,0,822
1582,1,2,2011,142643,1,1,590
1583,1,2,2011,134702,0,1,690
1584,1,1,2012,79927,0,0,700
1585,1,2,2012,157823,1,1,590
1586,1,2,2012,77758,1,1,840
1587,1,2,2012,65009,0,0,839
1588,1,1,2013,132350,2,1,590
1589,1,1,2012,117500,0,1,660
1590,1,1,2011,75001,1,1,580
1591,1,2,2012,142363,1,1,550
1592,1,2,2012,90738,0,0,820
1593,1,2,2012,103280,1,0,830
1594,1,1,2011,79950,2,1,630
1595,1,1,2013,77654,0,1,730
1596,1,1,2014,110000,1,1,750
1597,1,2,2011,101331,1,1,400
1598,1,1,2012,108566,0,1,590
1599,1,1,2012,60785,1,1,770
1600,1,2,2013,105669,1,1,820
1601,1,1,2013,115535,0,1,830
1602,1,2,2013,103254,0,1,850
1603,1,1,2012,87000,0,1,650
1604,1,1,2012,169270,1,0,620
1605,1,1,2011,82149,0,1,660
1606,1,1,2013,95898,0,1,690
1607,1,2,2012,77726,1,1,700
1608,1,1,2012,73825,1,0,700
1609,1,1,2012,67901,0,0,780
1610,1,1,2013,133000,1,0,780
1611,1,2,2012,98000,0,0,730
1612,1,1,2011,63861,0,0,790
1613,1,1,2012,78000,0,1,730
1614,1,1,2012,160000,0,1,550
1615,1,2,2011,122720,1,1,590
1616,1,1,2012,37000,1,0,680
1617,1,2,2012,58436,0,0,880
1618,1,2,2012,111720,0,1,520
1619,1,2,2014,147000,1,0,890
1620,1,0,2011,78282,0,0,490
1621,1,2,2011,81000,0,1,710
1622,1,1,2013,141931,0,1,580
1623,1,1,2013,108037,1,0,750
1624,1,1,2011,120227,0,1,610
1625,1,1,2012,116608,0,1,690
1626,1,0,2012,90000,1,0,630
1627,1,2,2012,92937,0,0,850
1628,1,2,2011,100000,1,1,650
1629,1,2,2012,133151,0,1,860
1630,1,1,2013,82873,1,1,720
1631,1,2,2011,90000,1,0,690
1632,1,1,2012,105593,1,1,760
1633,1,1,2012,88335,1,0,730
1634,1,0,2011,64834,0,0,670
1635,1,1,2012,132314,0,1,680
1636,1,1,2012,61414,1,1,530
1637,1,2,2011,164889,0,1,720
1638,1,0,2011,145470,1,1,380
1639,1,2,2011,97062,0,0,600
1640,2,1,2014,93419,0,1,890
1641,2,1,2015,69547,0,1,950
1642,2,0,2014,85348,0,0,850
1643,2,1,2014,47122,0,1,1030
1644,2,0,2014,160301,1,1,690
1645,2,1,2015,45662,0,0,950
1646,2,1,2014,89834,0,1,980
1647,2,1,2015,70678,0,1,950
1648,2,1,2015,157378,0,1,850
1649,2,1,2015,10794,1,0,1199
1650,2,1,2015,89928,0,0,995
1651,2,0,2015,78548,0,1,849
1652,2,1,2015,22829,0,0,1079
1653,2,1,2014,112386,0,1,790
1654,2,1,2015,104727,0,0,890
1655,2,1,2014,61967,1,0,970
1656,2,0,2016,180000,1,1,580
1657,2,1,2014,35507,1,0,1040
1658,2,1,2015,72027,0,1,970
1659,2,1,2014,63000,1,1,690
1660,2,1,2016,99400,0,1,1089
1661,2,0,2015,116079,0,1,630
1662,2,1,2015,86066,0,1,920
1663,2,1,2014,119291,0,0,899
1664,2,1,2014,128159,0,1,850
1665,2,1,2015,115123,0,1,820
1666,2,1,2015,81759,0,1,940
1667,2,1,2016,117175,0,0,820
1668,2,1,2014,75745,1,0,1050
1669,2,1,2014,70597,0,1,849
1670,2,1,2014,64550,1,1,798
1671,2,1,2014,11300,1,0,970
1672,2,1,2014,88242,0,0,1070
1673,2,1,2014,37697,0,0,1190
1674,2,1,2015,45272,0,0,1190
1675,2,0,2014,21834,2,0,700
1676,2,1,2015,59599,0,0,1030
1677,2,1,2015,137119,1,1,920
1678,2,1,2016,28555,1,0,1150
1679,2,1,2014,55732,1,0,1050
1680,2,1,2014,130000,0,1,780
1681,2,1,2014,73914,0,1,420
1682,2,1,2015,64607,0,1,860
1683,2,1,2014,73914,0,1,420
1684,2,1,2015,131365,0,1,740
1685,2,1,2015,80023,1,1,890
1686,2,1,2015,26579,0,1,1199
1687,2,1,2014,103288,0,1,880
1688,2,1,2014,73461,1,1,670
1689,2,1,2016,98309,0,1,990
1690,2,1,2016,27039,0,0,1099
1691,2,1,2015,71060,0,0,970
1692,2,1,2014,88905,0,1,999
1693,2,1,2015,148941,0,1,750
1694,2,1,2014,48302,1,1,960
1695,2,1,2014,68086,0,1,995
1696,2,1,2015,57147,2,1,870
1697,2,1,2015,37255,0,0,1180
1698,2,1,2016,26856,0,1,1080
1699,2,0,2014,138176,1,1,590
1700,2,1,2015,28557,2,0,899
1701,2,1,2015,108389,1,1,840
1702,2,1,2014,109917,0,1,790
1703,2,1,2014,102417,0,0,820
1704,2,0,2014,68063,1,1,760
1705,2,0,2015,850,1,1,850
1706,2,1,2014,102338,1,1,799
1707,2,1,2014,85770,1,1,799
1708,2,1,2014,110416,1,1,700
1709,2,1,2015,90000,1,1,750
1710,2,1,2014,108338,1,1,670
1711,2,1,2015,34343,1,1,920
1712,2,1,2015,46154,0,1,900
1713,2,1,2014,61881,0,1,950
1714,2,1,2014,56559,0,1,930
1715,2,1,2015,92108,0,1,870
1716,2,1,2015,102679,0,1,730
1717,2,1,2015,79615,0,1,990
1718,2,1,2015,71890,0,1,995
1719,2,1,2015,102631,1,0,780
1720,2,0,2015,16707,0,0,950
1721,2,1,2014,138597,1,1,870
1722,2,1,2015,79402,1,1,750
1723,2,1,2015,115095,1,0,790
1724,2,1,2014,106990,0,0,749
1725,2,1,2014,58309,0,1,830
1726,2,1,2015,78249,0,1,1050
1727,2,1,2014,100282,0,1,920
1728,2,1,2014,81357,1,1,870
1729,2,1,2016,75368,1,1,920
1730,2,1,2015,94803,1,1,990
1731,2,1,2015,60547,1,1,890
1732,2,1,2014,33177,1,1,990
1733,2,1,2014,75793,1,1,850
1734,2,1,2015,124832,0,0,830
1735,2,1,2016,115808,1,1,850
1736,2,0,2014,93971,1,0,680
1737,2,1,2015,111040,0,0,850
1738,2,1,2015,127000,0,0,900
1739,2,1,2014,95259,0,1,880
1740,2,1,2014,41131,0,0,1088
1741,2,1,2015,155025,1,1,650
1742,2,0,2016,23614,0,0,1030
1743,2,0,2014,103268,0,1,880
1744,2,1,2015,107645,1,1,940
1745,2,1,2014,80620,1,0,920
1746,2,0,2015,79191,1,0,699
1747,2,1,2014,25942,0,1,990
1748,2,1,2014,110000,0,0,800
1749,2,1,2014,85866,1,1,850
1750,2,1,2014,74529,0,0,1000
1751,2,1,2015,67840,2,1,890
1752,2,1,2015,102633,0,1,920
1753,2,1,2014,42937,0,0,990
1754,2,1,2016,108467,0,1,790
1755,2,1,2015,23208,1,1,949
1756,2,0,2015,84230,1,0,739
1757,2,0,2014,72000,1,0,1050
1758,2,1,2015,87600,0,1,880
1759,2,1,2016,22098,1,1,1090
1760,2,1,2016,52279,1,0,980
1761,2,1,2014,57920,0,1,930
1762,2,1,2015,71252,1,1,930
1763,2,1,2014,60000,1,1,750
1764,2,1,2015,20289,0,1,1060
1765,2,1,2015,16253,1,0,1080
1766,2,1,2015,68289,1,0,890
1767,2,1,2014,126159,1,1,690
1768,2,1,2015,101330,0,1,830
1769,2,1,2015,90600,2,1,800
1770,2,1,2015,61851,0,1,770
1771,2,0,2014,78000,1,1,670
1772,2,0,2015,82977,1,1,750
1773,2,1,2015,69712,2,0,970
1774,2,1,2015,70896,0,1,820
1775,2,1,2014,54734,1,1,699
1776,2,1,2015,58643,2,1,990
1777,2,1,2016,38049,1,0,1030
1778,2,1,2015,100000,1,1,790
1779,2,1,2015,116859,0,0,810
1780,2,0,2016,96000,0,1,780
1781,2,1,2015,91253,0,0,1040
1782,2,0,2015,102458,1,1,650
1783,2,1,2015,89353,1,1,880
1784,2,0,2014,59301,0,1,730
1785,2,1,2014,144922,0,1,650
1786,2,1,2015,83864,1,1,940
1787,2,1,2014,82810,1,1,900
1788,2,1,2015,49439,2,0,890
1789,2,1,2015,87797,1,0,920
1790,2,1,2015,73938,1,0,930
1791,2,0,2015,108541,1,1,499
1792,2,1,2016,60309,0,0,1090
1793,2,1,2014,55952,0,1,839
1794,2,1,2014,81474,0,1,970
1795,2,1,2015,108570,1,1,599
1796,2,1,2014,138105,0,1,680
1797,2,1,2016,123801,0,1,990
1798,2,1,2014,53476,0,1,1050
1799,2,1,2014,48109,2,0,999
1800,2,1,2014,54500,1,0,900
1801,2,1,2014,80471,0,1,855
1802,2,1,2015,76183,0,0,1120
1803,2,1,2015,43518,1,1,1020
1804,2,1,2016,47987,1,0,950
1805,2,1,2014,92767,1,1,860
1806,2,1,2016,66390,0,1,940
1807,2,1,2015,51056,1,1,920
1808,2,1,2014,112000,1,1,720
1809,2,1,2015,77000,0,0,1080
1810,2,0,2014,24200,0,0,720
1811,2,0,2014,89752,1,1,699
1812,2,1,2016,63981,0,0,1000
1813,2,0,2015,93309,0,1,750
1814,2,1,2015,93853,1,1,730
1815,2,1,2014,82726,1,1,869
1816,2,1,2014,125885,1,1,780
1817,2,1,2016,56233,1,1,899
1818,2,1,2014,36352,1,1,992
1819,2,1,2014,73000,1,0,850
1820,2,1,2015,83000,1,1,690
1821,2,1,2014,20095,0,1,940
1822,2,1,2014,77066,1,0,830
1823,2,1,2015,37000,1,0,1080
1824,2,1,2015,117366,1,0,930
1825,2,1,2014,77046,1,1,900
1826,2,1,2015,81669,0,0,1050
1827,2,1,2014,110000,0,0,799
1828,2,1,2015,40813,1,1,1010
1829,2,1,2014,65686,0,0,840
1830,2,1,2016,81298,1,1,890
1831,2,1,2015,47000,0,1,1130
1832,2,1,2014,103619,1,0,970
1833,2,1,2015,66742,2,0,950
1834,2,1,2015,78500,2,1,890
1835,2,1,2016,102727,1,1,830
1836,2,1,2016,156000,0,1,750
1837,2,1,2016,59854,1,1,960
1838,2,1,2015,5782,1,1,990
1839,2,1,2014,88269,0,0,870
1840,2,1,2016,54000,0,0,1080
1841,2,1,2014,98488,1,1,920
1842,2,1,2014,148440,1,1,730
1843,2,1,2014,103000,0,0,890
1844,2,1,2015,38297,1,0,1080
1845,2,1,2016,158858,0,1,830
1846,2,1,2015,66508,0,1,780
1847,2,1,2015,86897,1,0,1050
1848,2,1,2014,110243,1,1,690
1849,4,2,2020,12539,1,0,2020
1850,4,1,2020,20078,0,0,1950
1851,4,1,2020,10730,0,0,1920
1852,4,2,2019,13692,2,0,1880
1853,4,2,2019,38050,1,0,1880
1854,4,2,2020,35051,1,0,1880
1855,4,0,2020,5302,0,0,1870
1856,4,2,2019,24851,2,0,1870
1857,4,2,2019,35765,1,0,1850
1858,4,1,2020,8305,0,0,1850
1859,4,0,2020,9464,0,0,1849
1860,4,2,2020,31953,0,0,1835
1861,4,2,2019,10451,2,0,1830
1862,4,1,2019,9389,0,0,1830
1863,4,1,2020,35653,1,0,1830
1864,4,0,2020,8000,0,0,1800
1865,4,1,2020,11190,0,0,1799
1866,4,1,2019,38130,0,0,1790
1867,4,0,2020,16912,0,0,1790
1868,4,0,2020,15180,0,0,1790
1869,4,1,2019,10671,0,0,1770
1870,4,1,2019,18060,2,1,1770
1871,4,1,2020,19831,0,1,1750
1872,4,0,2019,36143,0,1,1750
1873,4,1,2020,37267,0,0,1750
1874,4,1,2019,11632,0,1,1750
1875,4,1,2020,17653,0,0,1750
1876,4,1,2020,8100,0,0,1750
1877,4,1,2019,40167,0,0,1750
1878,4,0,2020,16670,1,0,1730
1879,4,0,2020,14574,0,0,1730
1880,4,1,2019,11263,1,0,1730
1881,4,0,2019,6430,1,0,1725
1882,4,1,2020,32296,2,1,1720
1883,4,1,2019,11870,0,0,1710
1884,4,0,2020,39000,0,0,1710
1885,4,1,2020,27655,0,0,1700
1886,4,1,2019,52776,1,0,1699
1887,4,1,2020,19000,0,0,1699
1888,4,1,2019,32113,1,0,1699
1889,4,1,2020,22000,0,0,1690
1890,4,1,2019,8468,0,1,1690
1891,4,0,2019,38129,0,0,1690
1892,4,1,2019,71191,1,0,1690
1893,4,1,2020,25710,0,0,1690
1894,4,0,2019,14000,0,0,1690
1895,4,0,2019,16000,0,0,1690
1896,4,1,2020,15169,0,0,1690
1897,4,1,2019,27436,0,0,1685
1898,4,2,2019,47149,2,0,1681
1899,4,0,2019,19467,0,1,1680
1900,4,0,2019,35273,0,0,1680
1901,4,0,2019,28000,0,0,1680
1902,4,0,2020,36000,0,0,1680
1903,4,1,2020,3600,0,0,1680
1904,4,1,2019,19053,0,0,1670
1905,4,2,2019,10249,1,0,1670
1906,4,1,2020,8318,1,1,1670
1907,4,0,2019,22398,0,0,1670
1908,4,1,2019,34736,0,0,1660
1909,4,0,2019,9654,1,0,1660
1910,4,1,2019,6737,0,0,1660
1911,4,0,2019,17212,0,0,1650
1912,4,1,2019,26590,0,0,1650
1913,4,2,2019,67854,1,0,1650
1914,4,0,2020,21582,0,0,1650
1915,4,0,2020,80241,0,0,1650
1916,4,0,2019,37000,0,1,1650
1917,4,1,2020,23247,0,0,1640
1918,4,1,2019,33630,2,0,1640
1919,4,1,2019,36920,0,0,1630
1920,4,0,2019,40090,0,1,1630
1921,4,1,2019,25695,0,0,1630
1922,4,0,2019,21574,0,0,1630
1923,4,0,2019,15112,0,1,1630
1924,4,1,2019,51095,0,0,1630
1925,4,0,2019,7982,0,0,1630
1926,4,1,2020,16600,0,1,1630
1927,4,1,2019,71277,0,0,1630
1928,4,2,2019,26319,1,0,1630
1929,4,0,2019,27079,1,0,1630
1930,4,0,2019,45121,0,0,1630
1931,4,1,2019,50399,0,0,1630
1932,4,1,2020,43000,1,1,1630
1933,4,1,2019,23929,0,1,1630
1934,4,1,2019,39865,0,0,1630
1935,4,0,2019,15310,0,0,1620
1936,4,1,2020,16048,0,0,1620
1937,4,1,2019,39748,0,1,1620
1938,4,0,2019,42753,1,1,1620
1939,4,1,2020,15041,0,1,1610
1940,4,1,2019,33916,0,0,1600
1941,4,0,2019,44000,0,1,1600
1942,4,1,2020,61223,0,0,1599
1943,4,0,2020,36829,2,0,1590
1944,4,1,2020,64812,0,0,1590
1945,4,1,2019,60315,1,0,1590
1946,4,1,2019,11706,1,0,1590
1947,4,1,2019,22454,1,0,1590
1948,4,1,2019,13800,1,0,1590
1949,4,1,2019,59393,0,1,1590
1950,4,1,2019,60986,1,0,1590
1951,4,1,2019,13746,1,0,1590
1952,4,0,2020,39286,0,0,1590
1953,4,1,2019,54607,0,0,1580
1954,4,1,2019,67604,1,0,1580
1955,4,1,2019,54607,0,0,1580
1956,4,1,2019,48653,1,0,1579
1957,4,0,2020,36657,1,0,1570
1958,4,0,2019,47764,1,0,1570
1959,4,1,2019,54385,0,0,1570
1960,4,1,2019,57000,0,0,1570
1961,4,1,2019,10000,2,0,1570
1962,4,1,2019,33811,2,1,1565
1963,4,0,2019,41022,0,0,1560
1964,4,1,2019,61828,2,0,1560
1965,4,0,2019,30296,0,1,1550
1966,4,1,2019,34078,0,0,1550
1967,4,0,2019,50500,0,0,1550
1968,4,1,2019,29000,0,0,1550
1969,4,0,2019,17393,0,1,1550
1970,4,0,2020,32813,0,0,1550
1971,4,0,2019,56506,0,0,1550
1972,4,1,2019,73540,0,0,1550
1973,4,0,2019,52557,0,0,1550
1974,4,0,2019,30803,1,0,1549
1975,4,0,2019,49879,0,0,1540
1976,4,1,2019,47112,0,0,1540
1977,4,1,2019,52159,0,0,1530
1978,4,0,2019,45644,0,0,1530
1979,4,0,2019,76766,0,0,1530
1980,4,0,2019,24901,0,0,1530
1981,4,0,2019,47000,0,0,1527
1982,4,1,2019,81637,0,0,1525
1983,4,0,2020,17853,0,0,1520
1984,4,0,2019,18963,0,1,1510
1985,4,0,2020,3354,2,1,1500
1986,4,0,2019,72140,0,0,1500
1987,4,1,2019,77227,0,0,1499
1988,4,1,2019,54020,1,1,1499
1989,4,0,2019,35496,0,0,1499
1990,4,0,2019,14678,2,0,1499
1991,4,0,2019,20000,0,1,1490
1992,4,1,2019,63431,0,0,1490
1993,4,0,2019,57446,0,0,1490
1994,4,1,2019,87436,0,1,1490
1995,4,1,2020,26559,1,0,1490
1996,4,0,2019,54206,0,0,1490
1997,4,0,2019,48940,2,0,1490
1998,4,0,2019,17133,2,0,1490
1999,4,1,2019,32451,1,1,1480
2000,4,0,2020,19686,0,0,1480
2001,4,0,2019,19000,1,0,1480
2002,4,1,2019,85669,0,0,1480
2003,4,0,2020,35897,0,0,1470
2004,4,1,2019,57428,0,1,1470
2005,4,0,2019,37720,1,1,1470
2006,4,1,2019,72254,1,0,1470
2007,4,1,2019,46000,0,0,1470
2008,4,1,2019,88674,1,1,1470
2009,4,0,2019,78340,0,0,1470
2010,4,0,2019,83263,0,0,1460
2011,4,0,2019,90186,0,1,1450
2012,4,1,2019,96141,0,0,1450
2013,4,0,2019,53124,1,0,1450
2014,4,1,2019,46648,2,1,1450
2015,4,1,2019,37799,2,1,1448
2016,4,0,2020,22758,0,1,1445
2017,4,0,2019,103911,0,0,1440
2018,4,0,2019,72736,0,1,1440
2019,4,1,2019,90480,0,0,1420
2020,4,0,2019,28050,0,0,1420
2021,4,0,2020,45125,0,0,1420
2022,4,0,2019,62133,0,1,1420
2023,4,0,2020,60000,0,1,1420
2024,4,1,2019,79126,0,1,1419
2025,4,0,2019,78703,0,0,1410
2026,4,0,2019,33608,0,0,1400
2027,4,0,2019,86298,0,1,1400
2028,4,0,2019,47153,0,1,1400
2029,4,0,2020,21088,1,1,1399
2030,4,1,2019,69632,0,1,1399
2031,4,0,2020,68886,0,1,1390
2032,4,0,2019,43012,2,1,1390
2033,4,0,2019,91002,0,0,1390
2034,4,0,2019,99964,0,0,1390
2035,4,1,2019,85000,0,1,1390
2036,4,0,2019,96098,0,1,1380
2037,4,1,2019,61462,2,1,1380
2038,4,0,2019,93604,0,0,1380
2039,4,1,2019,43899,1,1,1380
2040,4,0,2020,53523,0,1,1380
2041,4,0,2019,92650,0,1,1370
2042,4,0,2019,41361,0,0,1370
2043,4,1,2019,83885,0,1,1359
2044,4,0,2019,94921,0,0,1355
2045,4,0,2020,80273,0,0,1350
2046,4,0,2019,43950,2,0,1350
2047,4,0,2019,98774,0,1,1350
2048,4,0,2019,90471,0,0,1350
2049,4,0,2019,98966,0,0,1350
2050,4,1,2019,97158,0,1,1330
2051,4,0,2019,102205,0,0,1329
2052,4,1,2019,96777,1,0,1320
2053,4,0,2019,108583,0,1,1310
2054,4,0,2019,99701,0,1,1300
2055,4,0,2019,82893,0,1,1299
2056,4,1,2019,114779,0,0,1290
2057,4,0,2019,97419,0,1,1290
2058,4,0,2019,110300,0,1,1290
2059,4,0,2019,27583,2,1,1290
2060,4,1,2019,113841,0,1,1290
2061,4,0,2019,107623,0,0,1289
2062,4,0,2019,106772,0,1,1270
2063,4,0,2019,114230,0,1,1260
2064,4,0,2019,107268,0,0,1250
2065,4,0,2019,123078,0,1,1250
2066,4,0,2019,115045,0,1,1249
2067,4,0,2019,39296,0,1,1242
2068,4,0,2019,112039,0,0,1210
2069,4,0,2019,105890,0,1,1210
2070,4,1,2019,96000,0,1,1200
2071,4,1,2019,84000,0,1,1200
2072,4,0,2020,23425,1,1,1150
2073,4,1,2019,109432,0,1,1149
2074,4,1,2019,114000,0,1,1100
2075,4,1,2019,113000,0,1,1100
2076,4,0,2019,27676,0,0,1099
2077,4,1,2019,115000,0,1,1099
2078,4,0,2019,48893,2,1,1090
2079,4,1,2019,106580,0,1,1049
2080,4,1,2020,23000,0,0,782
